"iam_work_id","author_abbrev","title_abbrev","author_name","latin_title","modern_title"
"iamwork2","Ael.","Fr.","Aelian","Fragmenta","Fragments"
"iamwork5","Ael. Tact.","Tact.","Aelianus Tacticus","Tactica","Tactics"
"iamwork17","Aët.","Epon.","Aëtius","Eponymous"
"iamwork18","Alc.","Epon.","Alcaeus","Eponymous"
"iamwork21","Alciph.","Epist.","Alciphron","Letters"
"iamwork22","Alcm.","Epon.","Alcman","Eponymous"
"iamwork23","Alex. Polyh.","Epon.","Alexander Polyhistor","Eponymous"
"iamwork24","Amm. Marc.","Epon.","Ammianus Marcellinus","Eponymous"
"iamwork26","Anac.","Epon.","Anacreon","Eponymous"
"iamwork31","Anon.","1 Chr.","Anonymous","1 Chronicles"
"iamwork32","Anon.","1 Kgs.","Anonymous","1 Kings"
"iamwork33","Anon.","1 Sm.","Anonymous","1 Samuel"
"iamwork34","Anon.","2 Chr.","Anonymous","2 Chronicles"
"iamwork35","Anon.","2 Kgs.","Anonymous","2 Kings"
"iamwork36","Anon.","2 Sm.","Anonymous","2 Samuel"
"iamwork37","Anon.","Am.","Anonymous","Amos"
"iamwork38","Anon.","Anth. Pal.","Anonymous","Anthologia Palatina","Anthologia Palatina"
"iamwork39","Anon.","Anth. Plan.","Anonymous","Anthologia Planudea","Anthologia Planudea"
"iamwork40","Anon.","Ath. pol.","Anonymous","Athenaion politeia (Aristotelian)","Constitution of Athens"
"iamwork41","Anon.","Auct. ad Her.","Anonymous","Auctor ad Herennium"
"iamwork42","Anon.","B. Afr.","Anonymous","Bellum Africum"
"iamwork43","Anon.","B. Alex.","Anonymous","Bellum Alexandrinum"
"iamwork44","Anon.","B. Hisp.","Anonymous","Bellum Hispaniense"
"iamwork45","Anon.","Carm. arv.","Anonymous","Carmen arvale"
"iamwork46","Anon.","Carm. epigr.","Anonymous","Carmina epigraphica"
"iamwork47","Anon.","Chron. Marcell.","Anonymous","Marcellinus, Chronicon"
"iamwork48","Anon.","Chron. min.","Anonymous","Chronica minora"
"iamwork49","Anon.","Chron. Pasch.","Anonymous","Chronicon Paschale"
"iamwork50","Anon.","Cod. Iust.","Anonymous","Codex Iustinianus","Justinian Code"
"iamwork51","Anon.","Cod. Theod.","Anonymous","Codex Theodosianus","Theodosian Code"
"iamwork52","Anon.","Comm.in Arist.Graeca","Anonymous","Commentaria in Aristotelem Graeca"
"iamwork53","Anon.","De Com.","Anonymous","De Comoedia"
"iamwork54","Anon.","Dn.","Anonymous","Daniel"
"iamwork55","Anon.","Dt.","Anonymous","Deuteronomy"
"iamwork56","Anon.","Eccl.","Anonymous","Ecclesiastes"
"iamwork57","Anon.","En.","Anonymous","Enoch"
"iamwork58","Anon.","Esther","Anonymous","Esther"
"iamwork59","Anon.","Ex.","Anonymous","Exodus"
"iamwork60","Anon.","Ez.","Anonymous","Ezekiel"
"iamwork61","Anon.","Ezr.","Anonymous","Ezra"
"iamwork62","Anon.","Gn.","Anonymous","Genesis"
"iamwork63","Anon.","Habk.","Anonymous","Habakkuk"
"iamwork64","Anon.","Heb.","Anonymous","Hebrews"
"iamwork65","Anon.","Hg.","Anonymous","Haggai"
"iamwork66","Anon.","Hos.","Anonymous","Hosea"
"iamwork67","Anon.","Hymn. Hom. Ap.","Anonymous","Hymnus Homericus ad Apollinem","Homeric Hymn to Apollo"
"iamwork68","Anon.","Hymn. Hom. Bacch.","Anonymous","Hymnus Homericus ad Bacchum","Homeric Hymn to Bacchus"
"iamwork69","Anon.","Hymn. Hom. Cer.","Anonymous","Hymnus Homericus ad Cererem","Homeric Hymn to Ceres"
"iamwork70","Anon.","Hymn. Hom. Dem.","Anonymous","Hymnus Homericus ad Demeter","Homeric Hymn to Demeter"
"iamwork71","Anon.","Hymn. Hom. Mart.","Anonymous","Hymnus Homericus ad Martem","Homeric Hymn to Ares"
"iamwork72","Anon.","Hymn. Hom. Merc.","Anonymous","Hymnus Homericus ad Mercurium","Homeric Hymn to Hermes"
"iamwork73","Anon.","Hymn. Hom. Pan","Anonymous","Hymnus Homericus ad Panem","Homeric Hymn to Pan"
"iamwork74","Anon.","Hymn. Hom. Ven.","Anonymous","Hymnus Homericus ad Venerem","Homeric Hymn to Aphrodite"
"iamwork75","Anon.","Hymn. Mag.","Anonymous","Hymni Magici"
"iamwork76","Anon.","Hymn. Orph.","Anonymous","Hymni Orphici"
"iamwork77","Anon.","Is.","Anonymous","Isaiah"
"iamwork78","Anon.","It. Alex.","Anonymous","Itinerarium Alexandri"
"iamwork79","Anon.","It. Ant.","Anonymous","Itineraria Antonini Augusti"
"iamwork80","Anon.","Jb.","Anonymous","Job"
"iamwork81","Anon.","Jgs.","Anonymous","Judges"
"iamwork82","Anon.","Joel","Anonymous","Joel"
"iamwork83","Anon.","Jon.","Anonymous","Jonah"
"iamwork84","Anon.","Jos.","Anonymous","Joshua"
"iamwork85","Anon.","Jude","Anonymous","Jude"
"iamwork86","Anon.","Lamentations","Anonymous","Lamentations"
"iamwork87","Anon.","Lib. colon.","Anonymous","Libri coloniarum"
"iamwork88","Anon.","Lv.","Anonymous","Leviticus"
"iamwork89","Anon.","Mal.","Anonymous","Malachi"
"iamwork90","Anon.","Micah","Anonymous","Micah"
"iamwork91","Anon.","Mt.","Anonymous","Matthew"
"iamwork92","Anon.","Nahum","Anonymous","Nahum"
"iamwork93","Anon.","Nehemiah","Anonymous","Nehemiah"
"iamwork94","Anon.","Nm.","Anonymous","Numbers"
"iamwork95","Anon.","Not. Dign. [occ][or]","Anonymous","Notitia dignitatum in partibus occidentis/orientis"
"iamwork96","Anon.","Nov. Theod.","Anonymous","Novellae Theodosianae"
"iamwork97","Anon.","Obadiah","Anonymous","Obadiah"
"iamwork98","Anon.","Peripl. M. Rubr.","Anonymous","Periplus Maris Rubri"
"iamwork99","Anon.","Prv.","Anonymous","Proverbs"
"iamwork100","Anon.","Ps.","Anonymous","Psalms"
"iamwork101","Anon.","Rav. Cosm.","Anonymous","Cosmographica Anonymi Ravennatis"
"iamwork102","Anon.","Rhet. Her.","Anonymous","Rhetorica ad Herennium"
"iamwork103","Anon.","Ru.","Anonymous","Ruth"
"iamwork104","Anon.","Sg.","Anonymous","Song of Songs"
"iamwork105","Anon.","Suda","Anonymous","Suidas"
"iamwork106","Anon.","Zec.","Anonymous","Zechariah"
"iamwork107","Anon.","Zephaniah","Anonymous","Zephanaiah"
"iamwork109","Antig. Car.","Epon.","Antigonus Carystius","Eponymous"
"iamwork110","Antip. Sid.","Epon.","Antipater Sidonius","Eponymous"
"iamwork129","Appolonius Dyscolus","Pron.","Appolonius Dyscolus","De pronominibus"
"iamwork130","Apsines","Rhet.","Apsines","Ars rhetorica"
"iamwork131","Apth.","Prog.","Aphthonius","Progymnasmata"
"iamwork132","Apul.","Apol.","Apuleius","Apologia"
"iamwork133","Apul.","Asclep.","Apuleius","Asclepius"
"iamwork134","Apul.","De deo Soc.","Apuleius","De deo Socratico"
"iamwork135","Apul.","De dog. Plat.","Apuleius","De dogmate Platonis"
"iamwork136","Apul.","Flor.","Apuleius","Florida"
"iamwork137","Apul.","Met.","Apuleius","Metamorphoses"
"iamwork149","Ar. Byz.","Epon.","Aristophanes Byzantinus","Eponymous"
"iamwork150","Aratus","Phaen.","Aratus","Phaenomena"
"iamwork151","Aratus","Progn.","Aratus","Prognostica"
"iamwork152","Archil.","Epon.","Archilochus","Eponymous"
"iamwork157","Arist.","Cael.","Aristotle","De caelo"
"iamwork159","Arist.","Col.","Aristotle","De coloribus"
"iamwork161","Arist.","De audib.","Aristotle","De audibilibus"
"iamwork162","Arist.","De motu an.","Aristotle","De motu animalium"
"iamwork166","Arist.","Gen. an.","Aristotle","De generatione animalium"
"iamwork168","Arist.","Hist. an.","Aristotle","Historia animalium"
"iamwork169","Arist.","IA","Aristotle","De incessu animalium"
"iamwork171","Arist.","Lin. Ins.","Aristotle","De lineis inseccabilibus"
"iamwork173","Arist.","Mech.","Aristotle","Mechanica"
"iamwork177","Arist.","Mir. ausc.","Aristotle","De mirabilibus auscultationibus"
"iamwork180","Arist.","Part. an.","Aristotle","De partibus animalium"
"iamwork181","Arist.","Parv. nat.","Aristotle","Parva naturalia","Parva naturalia"
"iamwork183","Arist.","Phgn.","Aristotle","Physiognomica"
"iamwork192","Arist.","Top.","Aristotle","Topica","Topics"
"iamwork193","Arist.","Xen.","Aristotle","De Xenophane"
"iamwork195","Aristid.","Or.","Aristides","Orationes"
"iamwork197","Aristid. Quint.","Epon.","Aristides Quintilianus","Eponymous"
"iamwork198","Aristox.","Fr. hist.","Aristoxenus","Fragmenta historica"
"iamwork199","Aristox.","Harm.","Aristoxenus","Harmonica"
"iamwork200","Aristox.","Rhythm.","Aristoxenus","Rhythmica"
"iamwork201","Arn.","Adv. nat.","Arnobius","Adversus nationes"
"iamwork202","Arr.","Anab.","Arrian","Anabasis"
"iamwork203","Arr.","Cyn.","Arrian","Cynegeticus"
"iamwork204","Arr.","Epict. diss.","Arrian","Epicteti dissertationes"
"iamwork205","Arr.","Parth.","Arrian","Parthica"
"iamwork206","Arr.","Peripl. M. Eux.","Arrian","Periplus Maris Euxini"
"iamwork207","Arr.","Tact.","Arrian","Tactica"
"iamwork208","Artem.","Epon.","Artemidorus Daldianus","Eponymous"
"iamwork209","Asc.","Corn.","Asconius","Commentary on Cicero, Pro Corneleo de maiestate"
"iamwork210","Asc.","Mil.","Asconius","Commentary on Cicero, Pro Milone"
"iamwork211","Asc.","Pis.","Asconius","Commentary on Cicero, In Pisonem"
"iamwork212","Asc.","Verr.","Asconius","Commentary on Cicero, In Verrem"
"iamwork213","Ath.","Epon.","Athenaeus","Eponymous"
"iamwork214","Athengoras","Leg.","Athengoras","Legatio pro Christianis"
"iamwork215","August.","Ad Rom.","Augustine","Expositio of Epist. ad Romanos"
"iamwork216","August.","C. acad.","Augustine","Contra academicos"
"iamwork217","August.","Conf.","Augustine","Confessions"
"iamwork218","August.","De civ. D.","Augustine","De civitate Dei"
"iamwork219","August.","Div. quaest.","Augustine","De diversis quaestionibus"
"iamwork220","August.","Ep.","Augustine","Epistulae"
"iamwork221","August.","In Evang. Iohan.","Augustine","Tractatus in Evangelium Iohannis"
"iamwork222","August.","Retract.","Augustine","Retractationes"
"iamwork223","August.","Serm.","Augustine","Sermones"
"iamwork224","Aur. Vict.","Caes.","Aurelius Victor","Caesares"
"iamwork225","Aur. Vict.","De vir. ill.","Aurelius Victor","De viris illustribus"
"iamwork226","Auson.","Cent. nupt.","Ausonius","Cento nuptialis"
"iamwork227","Auson.","Grat. act.","Ausonius","Gratiarum actio"
"iamwork228","Auson.","Mos.","Ausonius","Mosella"
"iamwork229","Auson.","Ordo nob. urb.","Ausonius","Ordo nobilium urbium"
"iamwork230","Auson.","Prof. Burd.","Ausonius","Commemoratio professorum Burdigalensium"
"iamwork231","Auson.","Technop.","Ausonius","Technopaegnion"
"iamwork232","Bacchyl.","Epon.","Bacchylides","Eponymous"
"iamwork233","Baruch","Jer.","Baruch","Jeremiah"
"iamwork234","Basil.","De virg.","Basilius","De virginitate"
"iamwork235","Caes.","B Afr.","Caesar","Bellum Africum"
"iamwork236","Caes.","B Civ.","Caesar","Bellum Civile"
"iamwork237","Caes.","B Gall.","Caesar","Bellum Gallicum"
"iamwork238","Callim.","Aet.","Callimachus","Aetia"
"iamwork239","Callim.","Epigr.","Callimachus","Epigrammata"
"iamwork240","Callim.","Hymn 1","Callimachus","Hymn to Zeus"
"iamwork241","Callim.","Hymn 2","Callimachus","Hymn to Apollo"
"iamwork242","Callim.","Hymn 3","Callimachus","Hymn to Artemis"
"iamwork243","Callim.","Hymn 4","Callimachus","Hymn to Delos"
"iamwork244","Callim.","Hymn 5","Callimachus","Hymn to Athena"
"iamwork245","Callim.","Hymn 6","Callimachus","Hymn to Demeter"
"iamwork246","Callim.","Ia.","Callimachus","Iambics"
"iamwork247","Calp.","Ecl.","Calpurnius Siculus","Eclogues"
"iamwork248","Cass. Dio","Epon.","Cassius Dio","Eponymous"
"iamwork249","Cassiod.","Inst.","Cassiodorus","Institutiones"
"iamwork250","Cassiod.","Var.","Cassiodorus","Variae"
"iamwork251","Cato","Agr. Orig.","Cato","De agricultura or De re rustica Origines"
"iamwork252","Catull.","Epon.","Catullus","Eponymous"
"iamwork253","Celsus","Med.","Celsus","De medicina"
"iamwork254","Censorinus","DN","Censorinus","De die natali"
"iamwork255","Chalcid.","In Tim.","Chalcidius","In Platonis Timaeum"
"iamwork256","Charisius","Gramm.","Charisius","Ars grammatica"
"iamwork257","Cic.","Acad.","Cicero (Marcus Tullius)","Academicae quaestiones (= Plasberg, Bk. 4)"
"iamwork258","Cic.","Acad. post.","Cicero (Marcus Tullius)","Academica Priora (= Plasberg, Bk. 1)"
"iamwork259","Cic.","Ad Brut.","Cicero (Marcus Tullius)","Epistulae ad Brutum"
"iamwork260","Cic.","Amic.","Cicero (Marcus Tullius)","De amicitia"
"iamwork261","Cic.","Arch.","Cicero (Marcus Tullius)","Pro Archia"
"iamwork262","Cic.","Att.","Cicero (Marcus Tullius)","Epistule ad Atticum"
"iamwork263","Cic.","Balb.","Cicero (Marcus Tullius)","Pro Balbo"
"iamwork264","Cic.","Caecin.","Cicero (Marcus Tullius)","Pro Caecina"
"iamwork265","Cic.","Cael.","Cicero (Marcus Tullius)","Pro Caelio"
"iamwork266","Cic.","Cat.","Cicero (Marcus Tullius)","In Catilinam"
"iamwork267","Cic.","Clu.","Cicero (Marcus Tullius)","Pro Cluentio"
"iamwork268","Cic.","Corn.","Cicero (Marcus Tullius)","Pro Cornelio de maiestate"
"iamwork269","Cic.","De or.","Cicero (Marcus Tullius)","De oratore"
"iamwork270","Cic.","Deiot.","Cicero (Marcus Tullius)","Pro rege Deiotaro"
"iamwork271","Cic.","Div.","Cicero (Marcus Tullius)","De divinatione"
"iamwork272","Cic.","Div. Caec.","Cicero (Marcus Tullius)","Divinatio in Caecilium"
"iamwork273","Cic.","Dom.","Cicero (Marcus Tullius)","De domo sua"
"iamwork274","Cic.","Fam.","Cicero (Marcus Tullius)","Epistulae ad familiares"
"iamwork275","Cic.","Fat.","Cicero (Marcus Tullius)","De fato"
"iamwork276","Cic.","Fin.","Cicero (Marcus Tullius)","De finibus"
"iamwork277","Cic.","Flac.","Cicero (Marcus Tullius)","Pro Flacco"
"iamwork278","Cic.","Font.","Cicero (Marcus Tullius)","Pro Fonteio"
"iamwork279","Cic.","Har. resp.","Cicero (Marcus Tullius)","De haruspicum responso"
"iamwork280","Cic.","Inv. rhet.","Cicero (Marcus Tullius)","De inventione rhetorica"
"iamwork281","Cic.","Leg.","Cicero (Marcus Tullius)","De legibus"
"iamwork282","Cic.","Leg. agr.","Cicero (Marcus Tullius)","De lege agraria"
"iamwork283","Cic.","Leg. Man.","Cicero (Marcus Tullius)","Pro lege Manilia or De imperio Cn. Pompeii"
"iamwork284","Cic.","Lig.","Cicero (Marcus Tullius)","Pro Ligario"
"iamwork285","Cic.","Luc.","Cicero (Marcus Tullius)","Lucullus or Academica posteriora"
"iamwork286","Cic.","Marcell.","Cicero (Marcus Tullius)","Pro Marcello"
"iamwork287","Cic.","Mil.","Cicero (Marcus Tullius)","Pro Milone"
"iamwork288","Cic.","Mur.","Cicero (Marcus Tullius)","Pro Murena"
"iamwork289","Cic.","Nat. D.","Cicero (Marcus Tullius)","De natura deorum"
"iamwork290","Cic.","Off.","Cicero (Marcus Tullius)","De officiis"
"iamwork291","Cic.","Orat.","Cicero (Marcus Tullius)","Orator ad M. Brutum"
"iamwork292","Cic.","Part. or.","Cicero (Marcus Tullius)","Partitiones oratoriae"
"iamwork293","Cic.","Phil.","Cicero (Marcus Tullius)","Orationes Philippicae"
"iamwork294","Cic.","Pis.","Cicero (Marcus Tullius)","In Pisonem"
"iamwork295","Cic.","Planc.","Cicero (Marcus Tullius)","Pro Plancio"
"iamwork296","Cic.","Prov. cons.","Cicero (Marcus Tullius)","De provinciis consularibus"
"iamwork297","Cic.","Q Fr.","Cicero (Marcus Tullius)","Epistule ad Quintum fratrem"
"iamwork298","Cic.","Q Rosc.","Cicero (Marcus Tullius)","Pro Roscio Postumo"
"iamwork299","Cic.","Quinct.","Cicero (Marcus Tullius)","Pro Quinctio"
"iamwork300","Cic.","Rab. Post.","Cicero (Marcus Tullius)","Pro Rabirio Postumo"
"iamwork301","Cic.","Red. pop.","Cicero (Marcus Tullius)","Post reditum ad populum"
"iamwork302","Cic.","Red. sen.","Cicero (Marcus Tullius)","Post reditum in senatu"
"iamwork303","Cic.","Rep.","Cicero (Marcus Tullius)","De republica"
"iamwork304","Cic.","Rosc. Am.","Cicero (Marcus Tullius)","Pro Sexto Roscio Amerino"
"iamwork305","Cic.","Scaur.","Cicero (Marcus Tullius)","Pro Scauro"
"iamwork306","Cic.","Sen.","Cicero (Marcus Tullius)","De senectute"
"iamwork307","Cic.","Sest.","Cicero (Marcus Tullius)","Pro Sestio"
"iamwork308","Cic.","Somn.","Cicero (Marcus Tullius)","Somnium Scriponis"
"iamwork309","Cic.","Sull.","Cicero (Marcus Tullius)","Pro Sulla"
"iamwork310","Cic.","Tog. cand.","Cicero (Marcus Tullius)","Oratio in senatu in toga candida"
"iamwork311","Cic.","Top.","Cicero (Marcus Tullius)","Topica"
"iamwork312","Cic.","Tusc.","Cicero (Marcus Tullius)","Tusculanae disputationes"
"iamwork313","Cic.","Verr.","Cicero (Marcus Tullius)","In Verrem"
"iamwork314","Cicero","Comment. pet.","Cicero (Quintus","Commentariolum petitionis"
"iamwork316","CIL","Epon.","CIL","Corpus Inscriptionum Latinum"
"iamwork317","Claud.","Cons.Hon.Cons.Stil.","Claudianus","De consulatu Honorii De consulatu Stilichonis"
"iamwork318","Clem. Al.","Protr.","Clemens Alexandrinus","Protrepticus"
"iamwork319","Clem. Al.","Strom.","Clemens Alexandrinus","Stromateis"
"iamwork320","Columella","Rust.","Columella","De re rustica"
"iamwork321","Conon","Narr.","Conon Mythographus","Greek"
"iamwork322","Cornutus","Theol. Graec.","Cornutus (L. Annaeus)","Greek"
"iamwork323","Curt.","Epon.","Q. Curtius Rufus","Eponymous"
"iamwork324","Cyril.","Adv. Iul.","Cyrillus","Adversus Iulianum"
"iamwork325","Dam.","Isid.","Damascius","Vita Isidori"
"iamwork326","Dem.","De cor.","Demosthenes","De corona","On the Crown"
"iamwork327","Dem.","Epit.","Demosthenes","Epitaphius","Funeral Oration"
"iamwork328","Dem.","Lept.","Demosthenes","Against Leptines"
"iamwork329","Dem.","Meid.","Demosthenes","Against Meidias"
"iamwork331","Democr.","Epon.","Democritus","Eponymous"
"iamwork332","Din.","Epon.","Dinarchus","Eponymous"
"iamwork333","Dio Cass.","Epon.","Dio Cassius","Eponymous"
"iamwork334","Dio Chrys.","Or.","Dio Chrysostomus","Orationes"
"iamwork335","Dio Cocc.","Epon.","Dio Cocceianus","Eponymous"
"iamwork336","Diocl. Magn.","Epon.","Diocles of Magnesia","Eponymous"
"iamwork337","Diod. Sic.","Epon.","Diodorus Siculus","Eponymous"
"iamwork338","Diog. Laert.","Epon.","Diogenes Laertius","Eponymous"
"iamwork339","Diogenian.","Epon.","Diogenianus Paroemiographus","Eponymous"
"iamwork340","Diom.","Epon.","Diomedes Grammaticus","Eponymous"
"iamwork341","Dion. Calliphon.","Epon.","Dionysius Calliphontis filius","Eponymous"
"iamwork342","Dion. Hal.","Ant. Rom.","Dionysius Halicarnassensis","Antiquitates Romanae"
"iamwork343","Dion. Hal.","Comp.","Dionysius Halicarnassensis","De compositione verborum"
"iamwork344","Dion. Hal.","De imit.","Dionysius Halicarnassensis","De imitatione"
"iamwork345","Dion. Hal.","Dem.","Dionysius Halicarnassensis","De Demosthene"
"iamwork346","Dion. Hal.","Isoc.","Dionysius Halicarnassensis","De Isocrate"
"iamwork347","Dion. Hal.","Lys.","Dionysius Halicarnassensis","De Lysia"
"iamwork348","Dion. Hal.","Pomp.","Dionysius Halicarnassensis","Epistula ad Pompeium"
"iamwork349","Dion. Hal.","Rhet.","Dionysius Halicarnassensis","Ars rhetorica"
"iamwork350","Dion. Hal.","Thuc.","Dionysius Halicarnassensis","De Thucydide"
"iamwork351","Dion. Hal.","Vett. cens.","Dionysius Halicarnassensis","De veterum censura"
"iamwork352","Dion. Thrax.","Epon.","Dionysius Thrax","Eponymous"
"iamwork353","Dionys. Per.","Epon.","Dionysius Periegeta","Eponymous"
"iamwork354","Donat.","Vit. Verg.","Aelius Donatus","Vita Vergili"
"iamwork355","Enn.","Ann.","Ennius","Annales"
"iamwork356","Epicharm.","Epon.","Epicharmus","Eponymous"
"iamwork357","Epicurus","Ep.","Epicurus","Epistulae"
"iamwork358","Epicurus","Ep. Hdt.","Epicurus","Epistula ad Herodotum"
"iamwork359","Epicurus","Ep. Men.","Epicurus","Epistula ad Menoeceum"
"iamwork360","Epicurus","Ep. Pyth.","Epicurus","Epistula ad Pythoclem"
"iamwork361","Epicurus","RS","Epicurus","Ratae sententiae"
"iamwork362","Epicurus","Sent. Vat.","Epicurus","Vatican Sayings (Gnomologium Vaticanum)"
"iamwork363","Epiph.","Adv. haeres.","Epiphanius","Adversus haereses"
"iamwork364","Eratosth.","Cat.","Eratosthenes","Greek"
"iamwork365","Euc.","Epon.","Euclid","Eponymous"
"iamwork366","Eudem.","Epon.","Eudemus","Eponymous"
"iamwork367","Eunap.","VS","Eunapius","Vitae sophistarum"
"iamwork368","Eup.","Epon.","Eupolis","Eponymous"
"iamwork369","Eur.","Alc.","Euripides","Alcestis","Alcestis"
"iamwork370","Eur.","Andr.","Euripides","Andromache"
"iamwork371","Eur.","Bacch.","Euripides","Bacchae"
"iamwork372","Eur.","Beller.","Euripides","Bellerophon"
"iamwork373","Eur.","Cyc.","Euripides","Cyclops"
"iamwork374","Eur.","El.","Euripides","Electra"
"iamwork375","Eur.","Hec.","Euripides","Hecuba"
"iamwork376","Eur.","Hel.","Euripides","Helena"
"iamwork377","Eur.","Heracl.","Euripides","Heraclidae"
"iamwork378","Eur.","HF","Euripides","Hercules furens"
"iamwork379","Eur.","Hipp.","Euripides","Hippolytus"
"iamwork380","Eur.","Hyps.","Euripides","Hypsipyle"
"iamwork381","Eur.","IA","Euripides","Iphigenia Aulidensis","Iphigeneia in Aulis"
"iamwork382","Eur.","IT","Euripides","Iphigenia Taurica","Iphigeneia in Tauris"
"iamwork383","Eur.","Med.","Euripides","Medea"
"iamwork384","Eur.","Or.","Euripides","Orestes"
"iamwork385","Eur.","Phoen.","Euripides","Phoenissae"
"iamwork386","Eur.","Rhes.","Euripides","Rhesus"
"iamwork387","Eur.","Sthen.","Euripides","Stheneboea"
"iamwork388","Eur.","Supp.","Euripides","Supplices","Suppliants"
"iamwork389","Eur.","Tro.","Euripides","Troades"
"iamwork390","Euseb.","Chron.","Eusebius","Chronica"
"iamwork391","Euseb.","Hist. eccl.","Eusebius","Historia ecclesiastica"
"iamwork392","Euseb.","Praep. evang.","Eusebius","Praeparatio evangelica"
"iamwork393","Euseb.","Vit. Const.","Eusebius","Vita Constantini","Life of Constantine"
"iamwork394","Eust.","Il.","Eustathius","Ad Iliadem"
"iamwork395","Eust.","Od.","Eustathius","Ad Odysseam"
"iamwork396","Eust.","Prooem. ad Pind.","Eustathius","Eustathii prooemium commentarium Pindaricorum, ed."
"iamwork397","Eutocius","In Arch. circ. dim.","Eutocius","In Archimedis circuli dimensionem"
"iamwork398","Eutr.","Epon.","Eutropius","Eponymous"
"iamwork399","Firm. Mat.","Err. prof. rel.","Firmicus Maternus","De errore profanarum religionum"
"iamwork400","Flor.","Epon.","L. Annaeus Florus","Eponymous"
"iamwork401","Frontin.","Aq.","Frontinus","De aquae ductu urbis Romae"
"iamwork402","Frontin.","Str.","Frontinus","Strategemata"
"iamwork403","Fronto","Ep.","Fronto","Epistulae"
"iamwork404","Fulg.","Myth.","Fulgentius","Mitologiae tres libri"
"iamwork405","Gai.","Inst.","Gaius","Institutiones"
"iamwork406","Gal.","De loc. aff.","Galen","De locis affectis"
"iamwork407","Gal.","Libr. Propr.","Galen","Greek"
"iamwork408","Gal.","Nat. Fac.","Galen","Greek"
"iamwork409","Gell.","NA","Aulus Gellius","Noctes Atticae"
"iamwork410","Geog. Rav.","Epon.","Geographer of Ravenna"
"iamwork411","German.","Arat.","Germanicus","Aratea"
"iamwork412","Gorg.","Hel.","Gorgias","Helena","Encomium of Helen"
"iamwork413","Gorg.","Pal.","Gorgias","Palamedes"
"iamwork414","Gregory of Tours","Glor. mart.","Gregory of Tours","Gloria martyrorum"
"iamwork415","Gregory of Tours","Hist.","Gregory of Tours","Historiae"
"iamwork416","Harp.","Epon.","Harpocration","Eponymous"
"iamwork417","Hdn.","Epon.","Herodianus","Eponymous"
"iamwork418","Hdt.","Epon.","Herodotus","Eponymous"
"iamwork419","Heliod.","Aeth.","Heliodorus","Aethiopica"
"iamwork420","Heph.","Epon.","Hephaestion","Eponymous"
"iamwork421","Heraclid. Pont.","Epon.","Heraclides Ponticus","Eponymous"
"iamwork422","Hermog.","Id.","Hermogenes","Greek"
"iamwork423","Hermog.","Inv.","Hermogenes","Greek"
"iamwork424","Hermog.","Prog.","Hermogenes","Greek"
"iamwork425","Herod.","Epon.","Herodotus","Eponymous"
"iamwork426","Herodian","Epon.","Aelius Herodianus (and Pseudo-Herodian)","Katholk&ecirc; pros&ocirc;dia"
"iamwork427","Heron","Pneum,","Heron","Pneumatica"
"iamwork428","Hes.","Cat.","Hesiod","Catalogus mulierum","Catalogue of Women"
"iamwork429","Hes.","Op.","Hesiod","Opera et Dies","Works and Days"
"iamwork430","Hes.","Sc.","Hesiod","Scutum","Shield"
"iamwork431","Hes.","Theog.","Hesiod","Theogonia","Theogony"
"iamwork432","Himer.","Ecl.","Himerius","Eclogae"
"iamwork433","Himer.","Or.","Himerius","Orationes"
"iamwork434","Hippoc.","Acut.","Hippocrates","De diaeta in morbis acutis"
"iamwork435","Hippoc.","Aer.","Hippocrates","De aera, aquis, locis"
"iamwork436","Hippoc.","Art.","Hippocrates","De articulis"
"iamwork437","Hippoc.","Ep.","Hippocrates","Epistulae"
"iamwork438","Hippoc.","Epid.","Hippocrates","Epidemiae"
"iamwork439","Hippoc.","Morb.","Hippocrates","On Diseases"
"iamwork440","Hippoc.","Morb. sacr.","Hippocrates","De morbo sacro"
"iamwork441","Hippoc.","Mul.","Hippocrates","De mulierum affectibus"
"iamwork442","Hippoc.","Nat. mul.","Hippocrates","De natura muliebri"
"iamwork443","Hippoc.","Nat. puer.","Hippocrates","On the Nature of the Child"
"iamwork444","Hippoc.","Off.","Hippocrates","De officina medici"
"iamwork445","Hippoc.","Virg.","Hippocrates","De virginibus morbis"
"iamwork446","Hippoc.","VM","Hippocrates","De vetere medicina"
"iamwork447","Hippol.","Haer.","Hippolytus","Refutation omnium haeresium"
"iamwork448","Hom.","Il.","Homer","Iliad"
"iamwork449","Hom.","Od.","Homer","Odyssey"
"iamwork450","Hor.","Ars P.","Horace","Ars poetica"
"iamwork451","Hor.","Carm.","Horace","Carmina or Odes","Odes"
"iamwork452","Hor.","Carm. saec.","Horace","Carmen saeculare"
"iamwork453","Hor.","Epist.","Horace","Episulae","Epistles"
"iamwork454","Hor.","Epod.","Horace","Epodi","Epodes"
"iamwork455","Hor.","Sat.","Horace","Satirae or Sermones","Satires"
"iamwork456","Hsch.","Epon.","Hesychius","Eponymous"
"iamwork457","Hyg.","Fab.","Hyginus","Fabulae"
"iamwork458","Hyg.","Poet. astr.","Hyginus","Poetica astronomica"
"iamwork464","Iambl.","Myst.","Iamblichus","De mysteriis","On Mysteries"
"iamwork465","Iambl.","VP","Iamblichus","Vita Pythagorae","Life of Pythagoras"
"iamwork466","Ibyc.","Epon.","Ibycus","Eponymous"
"iamwork467","Isae.","Epon.","Isaeus","Eponymous"
"iamwork468","Isid.","De vir. ill.","Isidorus","De viris illustribus","On Famous Men"
"iamwork469","Isid.","Etym.","Isidorus","Etymologiae","Etymology"
"iamwork470","Isoc.","Antid.","Isocrates","Antidosis","Antidosis"
"iamwork471","Isoc.","Bus.","Isocrates","Busiris","Busiris"
"iamwork472","Isoc.","C. soph.","Isocrates","Contra sophistas","Against the Sophists"
"iamwork473","Isoc.","Panath.","Isocrates","Panathenaicus","Panathenaicus"
"iamwork474","Isoc.","Paneg.","Isocrates","Panegyricus","Panegyric"
"iamwork475","James","James","James","James"
"iamwork476","Jer.","Ab Abr.","Jerome","Ab Abraham","From Abraham"
"iamwork477","Jer.","Adv. Iovinian","Jerome","Adversus Iovinianum","Against Jovinian"
"iamwork478","Jer.","Chron.","Jerome","Chronica","Chronicle"
"iamwork479","Jer.","De script.eccles.pro","Jerome","De scriptoribus ecclesiasticis prolegomena","Preface on Church Scriptures"
"iamwork480","Jer.","De vir. ill.","Jerome","De viris illustribus","On Famous Men"
"iamwork481","Jer.","Ep.","Jerome","Epistulae","Letters"
"iamwork482","John","1 John","John","1 John"
"iamwork483","John","2 John","John","2 John"
"iamwork484","John","3 John","John","3 John"
"iamwork485","John","Jn.","John","John"
"iamwork486","John","Rev.","John","Revelations"
"iamwork487","John Mark","Mk.","John Mark","Mark"
"iamwork488","Joseph.","AJ","Josephus","Antiquitates Judaicae","Jewish Antiquities"
"iamwork489","Joseph.","Ap.","Josephus","Contra Apionem","Against Apion"
"iamwork490","Joseph.","BJ","Josephus","Bellum Judaicum","Jewish War"
"iamwork491","Joseph.","Vit.","Josephus","Vita","Life"
"iamwork492","Julian.","Apophth.","Julianis imperator","Apophthegmata","Sayings"
"iamwork493","Julian.","Ep.","Julianis imperator","Epistulae","Letters"
"iamwork494","Julian.","Mis.","Julianis imperator","Misopogon","Beard-Hater"
"iamwork495","Julian.","Or.","Julianis imperator","Orationes","Orations"
"iamwork496","Just.","Epit.","Justinus","Epitome (of Trogus)"
"iamwork497","Justin","Apol.","Justin Martyr","Apologia","Apology"
"iamwork498","Juv.","Epon.","Juvenal","Eponymous"
"iamwork499","Lactant.","De mort. pers.","Lactantius","De mortibus persecutorum","On the deaths of the persecutors"
"iamwork500","Lactant.","Div. inst.","Lactantius","Divinae institutiones","Divine Institutions"
"iamwork501","Lib.","Epon.","Libanius","Eponymous"
"iamwork502","Liv. Andron.","Od.","Livius Andronicus","Odyssia","Odyssey"
"iamwork503","Livy","Epit.","Livy","Epitomae","Epitomes"
"iamwork504","Livy","Epon.","Livy","Ab urbe condita libri","Eponymous"
"iamwork505","Livy","Per.","Livy","Periochae","Summaries"
"iamwork506","Luc.","Epon.","Lucan","Eponymous"
"iamwork507","Lucian","Alex.","Lucian","Alexander","Alexander"
"iamwork508","Lucian","Anach.","Lucian","Anacharsis","Anacharsis"
"iamwork509","Lucian","Cal.","Lucian","Calumniae non temere credendum","Tricks not to be Believed Blindly"
"iamwork510","Lucian","Catapl.","Lucian","Cataplus","Cataplus"
"iamwork511","Lucian","De mort. Peregr.","Lucian","De morte peregrini","On the death of the foreigner"
"iamwork512","Lucian","Demon.","Lucian","Demonax","Demonax"
"iamwork513","Lucian","Dial. D.","Lucian","Dialogi deorum","Dialogues of the Gods"
"iamwork514","Lucian","Dial. meret.","Lucian","Dialogi meretricii","Dialogues of the Courtesans"
"iamwork515","Lucian","Dial. mort.","Lucian","Dialogi mortuorum","Dialogues of the Dead"
"iamwork516","Lucian","Her.","Lucian","Herodotus","Herodotus"
"iamwork517","Lucian","Hermot.","Lucian","Hermotimus","Hermotimus"
"iamwork518","Lucian","Hist. conscr.","Lucian","Quomodo historia conscribenda sit","How to Write History"
"iamwork519","Lucian","Ind.","Lucian","Adversus indoctum","Against Ignorance"
"iamwork520","Lucian","Iupp. trag.","Lucian","Iuppiter tragoedus","Jupiter the Tragedian"
"iamwork521","Lucian","Luct.","Lucian","De luctu","On Funerals"
"iamwork522","Lucian","Macr.","Lucian","Macrobii","Macrobii"
"iamwork523","Lucian","Nigr.","Lucian","Nigrinus","Nigrinus"
"iamwork524","Lucian","Philops.","Lucian","Philopseudes","Lover of Lies"
"iamwork525","Lucian","Pseudol.","Lucian","Pseudologista","False Speaking"
"iamwork526","Lucian","Salt.","Lucian","De saltatione","On Dancing"
"iamwork527","Lucian","Somn.","Lucian","Somnium","Sleep"
"iamwork528","Lucian","Symp.","Lucian","Symposium","Symposium"
"iamwork529","Lucian","Syr. D.","Lucian","De Syria dea","On the Syrian Goddess"
"iamwork530","Lucian","Trag.","Lucian","Tragoedopodagra"
"iamwork531","Lucian","Ver. hist.","Lucian","Verae historiae, 1, 2","True Histories"
"iamwork532","Lucian","Vit. auct.","Lucian","Vitarum auctio","Philosophies for Sale"
"iamwork533","Lucil.","Epon.","Lucilius","Eponymous"
"iamwork534","Lucr.","Epon.","Lucretius","Eponymous"
"iamwork535","Luke","Acts","Luke","Acts of the Apostles"
"iamwork536","Luke","Lk.","Luke","Luke"
"iamwork537","Lycoph.","Alex.","Lycophron","Alexandra","Alexandra"
"iamwork539","Lydus","Mag.","Lydus","De magistratibus","On Magistrates"
"iamwork540","Lydus","Mens.","Lydus","De mensibus","On Months"
"iamwork541","Lys.","Epon.","Lysias","Eponymous"
"iamwork542","M. Aur.","Med.","Marcus Aurelius","Meditations","Meditations"
"iamwork543","Macrob.","In Somn.","Macrobius","Commentarius ex Cicerone in Somnium Scipionis","Commentary on the dream of Scipio from Cicero"
"iamwork544","Macrob.","Sat.","Macrobius","Saturnalia","Saturnalia"
"iamwork545","Marcellin.","Epon.","Marcellinus","Eponymous"
"iamwork546","Mart.","Spect.","Martial","Spectacula","Spectacles"
"iamwork547","Mart. Cap.","Epon.","Martianus Capella","Eponymous"
"iamwork548","Mel.","Steph.","Meleager","Stephanus","Garland"
"iamwork549","Men.","Dys.","Menander","Dyskolos","Old Cantankerous"
"iamwork550","Men.","Epit.","Menander","Epitrepontes","Arbitration"
"iamwork551","Men.","Her.","Menander","Heros","Hero"
"iamwork552","Men.","Pk.","Menander","Perikeiromene","Rape of the Locks"
"iamwork553","Men.","Sam.","Menander","Samia","The Girl from Samos"
"iamwork554","Men. Rhet.","Epon.","Menander Rhetor","Eponymous"
"iamwork555","Min. Fel.","Oct.","Minucius Felix","Octavius","Octavius"
"iamwork556","Muson.","Epon.","Musonius Rufus","Eponymous"
"iamwork557","Nemes.","Cyn.","Nemesianus","Cynegetica","Hunting"
"iamwork558","Nemes.","Ecl.","Nemesianus","Eclogae","Eclogues"
"iamwork559","Nep.","Att.","Nepos","Atticus","Atticus"
"iamwork560","Nep.","Epam.","Nepos","Epaminondas","Epaminondas"
"iamwork561","Nep.","Milt.","Nepos","Miltiades","Miltiades"
"iamwork562","Nep.","Timoth.","Nepos","Timotheus","Timotheus"
"iamwork563","Nic.","Alex.","Nicander","Alexipharmaca","Antidotes"
"iamwork564","Nic.","Ther.","Nicander","Theriaca","Theriaca"
"iamwork565","Numen.","Epon.","Numenius","Eponymous"
"iamwork566","Origen","C. Cels.","Origen","Contra Celsum","Against Celsus"
"iamwork567","Oros.","Epon.","Orosius","Eponymous"
"iamwork568","Orph.","Lith.","Orphica","Lithica","Stones"
"iamwork569","Ov.","Am.","Ovid","Amores","The Loves"
"iamwork570","Ov.","Ars am.","Ovid","Ars amatoria","The Art of Love"
"iamwork571","Ov.","Fast.","Ovid","Fasti","Fasti"
"iamwork572","Ov.","Hal.","Ovid","Halieuticon liber","Book of Fishing"
"iamwork573","Ov.","Her.","Ovid","Heroides","Heroines"
"iamwork574","Ov.","Ib.","Ovid","Ibis","Ibis"
"iamwork575","Ov.","Medic.","Ovid","Medicamina faciei","Cosmetics for the Face"
"iamwork576","Ov.","Met.","Ovid","Metamorphoses","Metamorphoses"
"iamwork577","Ov.","Pont.","Ovid","Epistulae ex Ponto","Letters from Pontus"
"iamwork578","Ov.","Rem. am.","Ovid","Remedia amoris","Remedies for Love"
"iamwork579","Ov.","Tr.","Ovid","Tristia","Sorrows"
"iamwork580","Parth.","Amat. narr.","Parthenius","Narrationum amatoriarum libellus","Book of Love Stories"
"iamwork581","Paul","1 Cor.","Paul","1 Corinthians"
"iamwork582","Paul","1 Thess.","Paul","1 Thessalonians","1 Thessalonians"
"iamwork583","Paul","1 Tm.","Paul","1 Timothy"
"iamwork584","Paul","2 Cor.","Paul","2 Corinthians"
"iamwork585","Paul","2 Thess.","Paul","2 Thessalonians"
"iamwork586","Paul","2 Tm.","Paul","2 Timothy"
"iamwork587","Paul","Col.","Paul","Colossians"
"iamwork588","Paul","Ephesians","Paul","Ephesians"
"iamwork589","Paul","Galatians","Paul","Galatians"
"iamwork590","Paul","Phil.","Paul","Phillipians"
"iamwork591","Paul","Philemon","Paul","Philemon"
"iamwork592","Paul","Romans","Paul","Romans"
"iamwork593","Paul","Ti.","Paul","Titus"
"iamwork594","Paul. Fest.","Gloss. Lat.","Festus","Glossaria Latina","Latin Glossary"
"iamwork595","Paulus","Sent.","Iulius Paulus","Sententiae","Opinions"
"iamwork596","Paus.","Epon.","Pausanias","Eponymous"
"iamwork597","Pers.","Epon.","Persius","Eponymous"
"iamwork598","Peter","1 Pt.","Peter","1 Peter"
"iamwork599","Peter","2 Pt.","Peter","2 Peter"
"iamwork600","Petron.","Sat.","Petronius","Satyrica","Satyricon"
"iamwork601","Pherec.","Epon.","Pherecydes","Eponymous"
"iamwork602","Philo","CW","Philo Judaeus","Edition of Philo Judaeus by L. Cohn and P. Wendland"
"iamwork603","Philo","In Flacc.","Philo Judaeus","In Flaccum","Against Flaccus"
"iamwork604","Philo","Leg.","Philo Judaeus","Legatio ad Gaium","Embassy to Gaius"
"iamwork605","Philoch.","Epon.","Philochorus","Eponymous"
"iamwork606","Philostr.","Her.","Philostratus","Heroicus","Hero"
"iamwork607","Philostr.","Imag.","Philostratus","Imagines","Essays in Portraiture"
"iamwork608","Philostr.","V A","Philostratus","Vita Apollonii","Life of Apollonius"
"iamwork609","Philostr.","V S","Philostratus","Vita sophistarum","Lives of the Sophists"
"iamwork610","Phld.","Epon.","Philodemus","Eponymous"
"iamwork611","Phlegon","Mir.","Phlegon","Miracula","Book of Marvels"
"iamwork612","Phot.","Bibl.","Photius","Bibliotheca","Library"
"iamwork613","Pind.","Isthm.","Pindar","Isthmian Odes","Isthmian Odes"
"iamwork614","Pind.","Nem.","Pindar","Nemean Odes","Nemean Odes"
"iamwork615","Pind.","Ol.","Pindar","Olympian Odes","Olympian Odes"
"iamwork616","Pind.","Pae.","Pindar","Paeanes Odes","Paeanes Odes"
"iamwork617","Pind.","Pyth.","Pindar","Pythian Odes","Pythian Odes"
"iamwork618","Pl.","Alc.","Plato","Alcibiades","Alcibiades"
"iamwork619","Pl.","Ap.","Plato","Apologia","Apology"
"iamwork620","Pl.","Ax.","Plato","Axiochus","Axiochus"
"iamwork621","Pl.","Chrm.","Plato","Charmides","Charmides"
"iamwork622","Pl.","Cra.","Plato","Cratylus","Cratylus"
"iamwork623","Pl.","Cri.","Plato","Crito","Crito"
"iamwork624","Pl.","Criti.","Plato","Critias","Critias"
"iamwork625","Pl.","Epin.","Plato","Epinomis","Epinomis"
"iamwork626","Pl.","Euthphr.","Plato","Euthyphro","Euthyphro"
"iamwork627","Pl.","Grg.","Plato","Gorgias","Gorgias"
"iamwork628","Pl.","Hipparch.","Plato","Hipparchus","Hipparchus"
"iamwork629","Pl.","Hp. mai.","Plato","Hippias maior","Hippias the Elder"
"iamwork630","Pl.","Hp. mi.","Plato","Hippias Minor","Hippias the Younger"
"iamwork631","Pl.","La. or Lach.","Plato","Laches","Laches"
"iamwork632","Pl.","Leg.","Plato","Leges","Laws"
"iamwork633","Pl.","Menex.","Plato","Menexenus","Menexenus"
"iamwork634","Pl.","Phd.","Plato","Phaedo","Phaedo"
"iamwork635","Pl.","Phdr.","Plato","Phaedrus","Phaedrus"
"iamwork636","Pl.","Phlb.","Plato","Philebus","Philebus"
"iamwork637","Pl.","Plt.","Plato","Politicus","Statesman"
"iamwork638","Pl.","Prm.","Plato","Parmenides","Parmenides"
"iamwork639","Pl.","Prt.","Plato","Protagoras","Protagoras"
"iamwork640","Pl.","Resp.","Plato","Respublica","Republic"
"iamwork641","Pl.","Soph.","Plato","Sophista","Sophist"
"iamwork642","Pl.","Symp.","Plato","Symposium","Symposium"
"iamwork643","Pl.","Tht.","Plato","Theaetetus","Theaetetus"
"iamwork644","Pl.","Ti.","Plato","Timaeus","Timaeus"
"iamwork645","Plato Com.","Epon.","Plato Comicus","Eponymous"
"iamwork646","Platon.","Diff. com.","Platonius","De differentia comoediarum","On Distinction among Comedies"
"iamwork647","Plaut.","Amph.","Plautus","Amphitruo","Amphitruo"
"iamwork648","Plaut.","Asin.","Plautus","Asinaria","Asinaria"
"iamwork649","Plaut.","Bacch.","Plautus","Bacchides","Bacchides"
"iamwork650","Plaut.","Capt.","Plautus","Captivi","The Captives"
"iamwork651","Plaut.","Cas.","Plautus","Casina","Casina"
"iamwork652","Plaut.","Cist.","Plautus","Cistellaria","The Casket Comedy"
"iamwork653","Plaut.","Curc.","Plautus","Curculio","The Weevil"
"iamwork654","Plaut.","Men.","Plautus","Menaechmi","The Brothers Menaechmi"
"iamwork655","Plaut.","Merc.","Plautus","Mercator","The Merchant"
"iamwork656","Plaut.","Mil.","Plautus","Miles gloriosus","The Braggart Soldier"
"iamwork657","Plaut.","Mostell.","Plautus","Mostellaria","The Haunted House"
"iamwork658","Plaut.","Poen.","Plautus","Poenulus","The Little Cartheginian"
"iamwork659","Plaut.","Pseud.","Plautus","Pseudolus","The Liar"
"iamwork660","Plaut.","Rud.","Plautus","Rudens","The Rope"
"iamwork661","Plaut.","Stich.","Plautus","Stichus","Stichus"
"iamwork662","Plaut.","Trin.","Plautus","Trinummus","Three Bob Day"
"iamwork663","Plin. (E)","HN","Pliny (the Elder)","Naturalis historia","Natural History"
"iamwork664","Plin. (Y)","Ep.","Pliny (the Younger)","Epistulae","Letters"
"iamwork665","Plin. (Y)","Pan.","Pliny (the Younger)","Panegyricus","Panegyric"
"iamwork666","Plin. (Y)","Tra.","Pliny (the Younger)","Epistulae ad Traianum","Letters to Trajan"
"iamwork667","Plotinus","Enn.","Plotinus","Enneades","Enneades"
"iamwork668","Plut.","Adv. Col.","Plutarch","Adversus Coloten","Against Colotes"
"iamwork669","Plut.","Aem.","Plutarch","Aemilius Paulus","Aemilius Paulus"
"iamwork670","Plut.","Ages.","Plutarch","Agesilaus","Agesilaus"
"iamwork671","Plut.","Alc.","Plutarch","Alcibiades","Alcibiades"
"iamwork672","Plut.","Alex.","Plutarch","Alexander","Alexander"
"iamwork673","Plut.","Am. narr.","Plutarch","Amatoriae narrationes","Narrations of Love"
"iamwork674","Plut.","Amat.","Plutarch","Amatorius","Dialogue on Love"
"iamwork675","Plut.","An seni","Plutarch","An seni respublica gerenda sit","Whether an Old Man Should Engage in Politics"
"iamwork676","Plut.","Ant.","Plutarch","Antonius","Antonius"
"iamwork677","Plut.","Arat.","Plutarch","Aratus","Aratus"
"iamwork678","Plut.","Arist.","Plutarch","Aristides","Aristides"
"iamwork679","Plut.","Artax.","Plutarch","Artaxerxes","Artaxerxes"
"iamwork680","Plut.","Brut.","Plutarch","Brutus","Brutus"
"iamwork681","Plut.","C. Gracch.","Plutarch","Gaius Gracchus","Gaius Gracchus"
"iamwork682","Plut.","Caes.","Plutarch","Caesar","Caesar"
"iamwork683","Plut.","Cam.","Plutarch","Camillus","Camillus"
"iamwork684","Plut.","Cat. Mai., Min.","Plutarch","Cato Maior, Minor","Cato the Elder/Cato the Younger"
"iamwork685","Plut.","Cic.","Plutarch","Cicero","Cicero"
"iamwork686","Plut.","Cim.","Plutarch","Cimon","Cimon"
"iamwork687","Plut.","Cleom.","Plutarch","Cleomenes","Cleomenes"
"iamwork688","Plut.","Comm. not.","Plutarch","De communibus notitiis adversus Stoicos","Against the Stoics on Common Conceptions"
"iamwork689","Plut.","Comp. Ar. et Men.","Plutarch","Comparatio Aristophanis et Menandri","Comparison of Aristophanes and Menander"
"iamwork690","Plut.","Conv. sept. sap.","Plutarch","Convivium septem sapientium","The Dinner of the Seven Wise Men"
"iamwork691","Plut.","Crass.","Plutarch","Crassus","Crassus"
"iamwork692","Plut.","De Alex. fort.","Plutarch","De fortuna Alexandri","On the Fortune of Alexander"
"iamwork693","Plut.","De def. or.","Plutarch","De defectu oraculorum","On the Failure of Oracles"
"iamwork694","Plut.","De exil.","Plutarch","De exilio","On Exile"
"iamwork695","Plut.","De fac.","Plutarch","De facie in orbe lunae","The Face on the Moon"
"iamwork696","Plut.","De fort. Rom.","Plutarch","De fortuna Romanorum","On the Fortune of the Romans"
"iamwork697","Plut.","De frat. amor.","Plutarch","De fraterno amore","On Brotherly Love"
"iamwork698","Plut.","De garr.","Plutarch","De garrulitate","On Chattering"
"iamwork699","Plut.","De gen.","Plutarch","De genio Socratis","On the Spirit of Socrates"
"iamwork700","Plut.","De glor. Ath.","Plutarch","De gloria Atheniensium","On the glory of the Athenians"
"iamwork701","Plut.","De Is. et Os.","Plutarch","De Iside et Osiride","On Isis and Osiris"
"iamwork702","Plut.","De lat. viv.","Plutarch","De latenter vivendo","On Living Secretly"
"iamwork703","Plut.","De mul. vir.","Plutarch","De mulierum virtutibus","On the Virtues of Women"
"iamwork704","Plut.","De mus","Plutarch","De musica","On Music"
"iamwork705","Plut.","De prof. virt.","Plutarch","De profectu in virtute","On Advancing in Virtue"
"iamwork706","Plut.","De Pyth or.","Plutarch","De Pythiae oraculis","On the Pythian Oracle"
"iamwork707","Plut.","De sera","Plutarch","De sera numinis vindicta","On the Delays of Divine Vengance"
"iamwork708","Plut.","De soll. an.","Plutarch","De sollertia animalium","On the Cleverness of Animals"
"iamwork709","Plut.","De superst.","Plutarch","De superstitione","On Superstition"
"iamwork710","Plut.","De tranq. anim.","Plutarch","De tranquillitate animi","On Tranquility of Spirit"
"iamwork711","Plut.","Dem.","Plutarch","Demosthenes","Demosthenes"
"iamwork712","Plut.","Demetr.","Plutarch","Demetrius","Demetrius"
"iamwork713","Plut.","Eum.","Plutarch","Eumenes","Eumenes"
"iamwork714","Plut.","Flam.","Plutarch","Flamininus","Flamininus"
"iamwork715","Plut.","Galb.","Plutarch","Galba","Galba"
"iamwork716","Plut.","Luc.","Plutarch","Lucullus","Lucullus"
"iamwork717","Plut.","Lyc.","Plutarch","Lycurgus","Lycurgus"
"iamwork718","Plut.","Lys.","Plutarch","Lysander","Lysander"
"iamwork719","Plut.","Mar.","Plutarch","Marius","Marius"
"iamwork720","Plut.","Marc.","Plutarch","Marcellus","Marcellus"
"iamwork721","Plut.","Mor.","Plutarch","Moralia","Moralia"
"iamwork722","Plut.","Nic.","Plutarch","Nicias","Nicias"
"iamwork723","Plut.","Num.","Plutarch","Numa","Numa"
"iamwork724","Plut.","Pel.","Plutarch","Pelopidas","Pelopidas"
"iamwork725","Plut.","Per.","Plutarch","Pericles","Pericles"
"iamwork726","Plut.","Phil.","Plutarch","Philopoemen","Philopoemen"
"iamwork727","Plut.","Phoc.","Plutarch","Phocion","Phocion"
"iamwork728","Plut.","Pomp.","Plutarch","Pompeius","Pompey"
"iamwork729","Plut.","Prae. ger. reip.","Plutarch","Praecepta gerendae reipublicae","Precepts of Statecraft"
"iamwork730","Plut.","Pyrrh.","Plutarch","Pyrrhus","Pyrrhus"
"iamwork731","Plut.","Quaest. Graec.","Plutarch","Quaestiones Graecae","Greek Questions"
"iamwork732","Plut.","Quaest. Plat.","Plutarch","Quaestiones Platonicae","Platonic Questions"
"iamwork733","Plut.","Quaest. Rom.","Plutarch","Quaestiones Romanae","Roman Questions"
"iamwork734","Plut.","Quest. conv.","Plutarch","Quaestiones convivales","Table Talk"
"iamwork735","Plut.","Quomodo adul.","Plutarch","Quomodo adulescens poetas audire debeat","Why Young Men ought to Hear Poetry"
"iamwork736","Plut.","Rom.","Plutarch","Romulus","Romulus"
"iamwork737","Plut.","Sert.","Plutarch","Sertorius","Sertorius"
"iamwork738","Plut.","Sol.","Plutarch","Solon","Solon"
"iamwork739","Plut.","Sull.","Plutarch","Sulla","Sulla"
"iamwork740","Plut.","Them.","Plutarch","Themistocles","Themistocles"
"iamwork741","Plut.","Thes.","Plutarch","Theseus","Theseus"
"iamwork742","Plut.","Ti. Gracch.","Plutarch","Tiberius Gracchus","Tiberius Gracchus"
"iamwork743","Plut.","Tim.","Plutarch","Timoleon","Timoleon"
"iamwork744","Plut.","Vit.","Plutarch","Vitae Parallelae","Parallel Lives"
"iamwork745","Poll.","Onom.","Pollux","Onomasticon","Poetics"
"iamwork746","Polyaenus","Strat.","Polyaenus","Strategemata","Strategems"
"iamwork747","Polyb.","Epon.","Polybius","Eponymous"
"iamwork748","Pompon.","Epon.","Pomponius","Eponymous"
"iamwork749","Porph.","Abst.","Porphyry","De abstinentia","On Abstinence"
"iamwork750","Porph.","De antr. nymph.","Porphyry","De antro nympharum","On the Cave of the Nymphs"
"iamwork751","Porph.","Plot.","Porphyry","Vita plotini","Life of Plotinus"
"iamwork752","Procl.","Hypotyp.","Proclus","Hypotyposis","An Outline"
"iamwork753","Procl.","In R.","Proclus","In Platonis Rempublicam commentarii","Commentary on Plato's Republic"
"iamwork754","Procl.","In Ti.","Proclus","In Platonis Timaeum commentarii","Commentary on Plato's Timaeus"
"iamwork755","Procop.","Aed.","Procopius","De aedificiis","On Buildings"
"iamwork756","Procop.","Goth.","Procopius","De bello Gothico","On the Gothic War"
"iamwork757","Procop.","Vand.","Procopius","De bello Vandalico","On the war with the Vandals"
"iamwork758","Prop.","Epon.","Propertius","Eponymous"
"iamwork759","Prudent","C. Symm.","Prudentius","Contra Symmachum","Against Symmachus"
"iamwork760","Prudent","Cath.","Prudentius","Cathemerina","Hymns for the day"
"iamwork761","Prudent","Perist.","Prudentius","Peristephanon","Crowns of the Martyrs"
"iamwork762","Ptol.","Alm.","Ptolemaeus mathematicus","Almagest","Almagest"
"iamwork763","Ptol.","Geog.","Ptolemaeus mathematicus","Geographia","Geography"
"iamwork764","Ptol.","Harm.","Ptolemaeus mathematicus","Harmonica","Harmonics"
"iamwork765","Ptol.","Tetr.","Ptolemaeus mathematicus","Tetrabiblos","Four Books"
"iamwork766","Quint.","Ep. ad Tryph.","Quintillian","Epistula ad Tryphonem","Letter to Tryphon"
"iamwork767","Quint.","Inst.","Quintillian","Institutio oratoria","Training in Oratory"
"iamwork768","Quint. Smyrn.","Epon.","Auintus Smyrnaeus","Eponymous"
"iamwork769","Rut. Namat.","??","Rutilius Namatianus","De reditu","On Returning"
"iamwork770","Sall.","Ad Caes. sen.","Sallust","Epistulae ad Caesarem senem","Letters to the Elderly Caesar"
"iamwork771","Sall.","Cat.","Sallust","Bellum Catilinae or De Catilinae coniuratione","War with Catiline/On the Catilinarian Conspiracy"
"iamwork772","Sall.","Hist.","Sallust","Historiae","The Histories"
"iamwork773","Sall.","Iug.","Sallust","Bellum Iugurthinum","Jugurthine War"
"iamwork774","Satyr.","Vit. Eur.","Satyrus Historicus","Vita Euripidis","Life of Euripides"
"iamwork775","Scymn.","Epon.","Scymnus","Eponymous"
"iamwork776","Semon.","Epon.","Semonides","Eponymous"
"iamwork777","Sen. (E)","Con. ex.","Seneca (the Elder)","Controversiarum excerpta","Excerpts from Disputes"
"iamwork778","Sen. (E)","Controv.","Seneca (the Elder)","Controversiae","Disputes"
"iamwork779","Sen. (E)","Suas.","Seneca (the Elder)","Suasoriae","Persuasive Discourses"
"iamwork780","Sen. (Y)","Apocol.","Seneca (the Younger)","Apocolocyntosis","Apocolocyntosis"
"iamwork781","Sen. (Y)","Ben.","Seneca (the Younger)","De beneficiis","On Kindness"
"iamwork782","Sen. (Y)","Clem.","Seneca (the Younger)","De clementia","On Clemency"
"iamwork783","Sen. (Y)","Constant.","Seneca (the Younger)","De constantia sapientis","On the Constancy of Wisdom"
"iamwork784","Sen. (Y)","Dial.","Seneca (the Younger)","Dialogi","Dialogues"
"iamwork785","Sen. (Y)","Ep.","Seneca (the Younger)","Epistulae","Letters"
"iamwork786","Sen. (Y)","Epigr.","Seneca (the Younger)","Epigrammata super exilio","Epigrams Concerning Exile"
"iamwork787","Sen. (Y)","Helv.","Seneca (the Younger)","Ad Helviam","To Helvia"
"iamwork788","Sen. (Y)","Med.","Seneca (the Younger)","Medea","Medea"
"iamwork789","Sen. (Y)","Prov.","Seneca (the Younger)","De providentia","On Providence"
"iamwork790","Sen. (Y)","Q Nat.","Seneca (the Younger)","Quaestiones naturales","Natural Questions"
"iamwork791","Sen. (Y)","Tranq.","Seneca (the Younger)","De tranquillitate animi","On Tranquility of Spirit"
"iamwork792","Serv.","Praef.","Servius","Praefatio","Preface"
"iamwork793","Sext. Emp.","Math.","Sextus Empiricus","Adversus Mathematicus","Against the Professors"
"iamwork795","SHA","Ael.","Scriptores Historiae Augustae","Aelius","Aelius"
"iamwork796","SHA","Alex. Sev.","Scriptores Historiae Augustae","Alexander Severus","Alexander Severus"
"iamwork797","SHA","Ant. Pius","Scriptores Historiae Augustae","Antoninus Pius","Antoninus Pius"
"iamwork798","SHA","Aurel.","Scriptores Historiae Augustae","Aurelian","Aurelian"
"iamwork799","SHA","Avid. Cass.","Scriptores Historiae Augustae","Avidius Cassius","Avidius Cassius"
"iamwork800","SHA","Clod.","Scriptores Historiae Augustae","Clodius","Clodius"
"iamwork801","SHA","Comm.","Scriptores Historiae Augustae","Commodus","Commodus"
"iamwork802","SHA","Did. Iul.","Scriptores Historiae Augustae","Didius Iulianus","Didius Iulianus"
"iamwork803","SHA","Hadr.","Scriptores Historiae Augustae","Hadrian","Hadrian"
"iamwork804","SHA","Heliogab.","Scriptores Historiae Augustae","Heliogabalus","Heliogabalus"
"iamwork805","SHA","M. Ant.","Scriptores Historiae Augustae","Marcus Aurelius Antoninus (Caracalla)","Marcus Aurelius Antoninus (Caracalla)"
"iamwork806","SHA","Marc.","Scriptores Historiae Augustae","Marcus","Marcus"
"iamwork807","SHA","Max.","Scriptores Historiae Augustae","Maximinus","Maximinus"
"iamwork808","SHA","Pert.","Scriptores Historiae Augustae","Pertinax","Pertinax"
"iamwork809","SHA","Pesc. Nig.","Scriptores Historiae Augustae","Pescennius Niger","Pescennius Niger"
"iamwork810","SHA","Prob.","Scriptores Historiae Augustae","Probus","Probus"
"iamwork811","SHA","Sev.","Scriptores Historiae Augustae","Severus","Severus"
"iamwork812","SHA","Tyr. Trig.","Scriptores Historiae Augustae","Tyranni Triginta","The Thirty Tyrants"
"iamwork813","SHA","Verus","Scriptores Historiae Augustae","Lucius Verus","Lucius Verus"
"iamwork814","Sid. Apoll.","Carm.","Sidonius Apollinaris","Carmina","Songs"
"iamwork815","Sid. Apoll.","Epist.","Sidonius Apollinaris","Epistulae","Letters"
"iamwork816","Sil.","Pun.","Silius Italicus","Punica","On the Punic Wars"
"iamwork817","Simon.","Epon.","Simonides","Eponymous"
"iamwork818","Simpl.","in Cael.","Simplicius","in Aristotelis de Caelo Commentarii","Commentary on Aristotle's De Caelo"
"iamwork819","Simpl.","in Phys.","Simplicius","In Aristotelis de Physica Commentarii","Commentary on Aristotle's De Physica"
"iamwork820","Socrates","Hist. eccl.","Socrates","Historia ecclesiastica","Church History"
"iamwork821","Solin.","Epon.","Solinus","Eponymous"
"iamwork822","Soph.","Aj.","Sophocles","Ajax","Ajax"
"iamwork823","Soph.","Ant.","Sophocles","Antigone","Antigone"
"iamwork824","Soph.","El.","Sophocles","Electra","Electra"
"iamwork825","Soph.","OC","Sophocles","Oedipus Coloneus","Oedipus at Colonus"
"iamwork826","Soph.","OT","Sophocles","Oedipus Tyrannus","Oedipus the King"
"iamwork827","Soph.","Phil.","Sophocles","Philoctetes","Philoctetes"
"iamwork828","Soph.","Trach.","Sophocles","Trachiniae","Trachiniae"
"iamwork829","Sor.","Gyn.","Soranus","Gynaeceia","Gynecology"
"iamwork830","Sozom.","Hist. eccl.","Sozomen","Historia ecclesiastica","Church History"
"iamwork831","Stat.","Achil.","Statius","Achilleis","Achilleid"
"iamwork832","Stat.","Silv.","Statius","Silvae","Silvae"
"iamwork833","Stat.","Theb.","Statius","Thebais","Thebaid"
"iamwork834","Steph. Byz.","Epon.","Stephanus Byzantius or Byzantinus","Eponymous"
"iamwork837","Strabo","Epon.","Strabo","Eponymous"
"iamwork838","Suet.","Aug.","Suetonius","Divus Augustus","Divine Augustus"
"iamwork839","Suet.","Calig.","Suetonius","Gaius Caligula","Gaius Caligula"
"iamwork840","Suet.","Claud.","Suetonius","Divus Claudius","Divine Claudius"
"iamwork841","Suet.","Dom.","Suetonius","Domitianus","Domitian"
"iamwork842","Suet.","Galb.","Suetonius","Galba","Galba"
"iamwork843","Suet.","Gram.","Suetonius","De grammaticis","On Grammarians"
"iamwork844","Suet.","Iul.","Suetonius","Divus Iulius","Divine Julius"
"iamwork845","Suet.","Ner.","Suetonius","Nero","Nero"
"iamwork846","Suet.","Poet.","Suetonius","De Poetis","On Poets"
"iamwork847","Suet.","Rel.","Suetonius","Reliquiae","Fragments"
"iamwork848","Suet.","Rhet.","Suetonius","De rhetoribus","On Rhetoricians"
"iamwork849","Suet.","Tib.","Suetonius","Tiberius","Tiberius"
"iamwork850","Suet.","Tit.","Suetonius","Divus Titus","Divine Titus"
"iamwork851","Suet.","Vesp.","Suetonius","Divus Vespasianus","Divine Vespasian"
"iamwork852","Suet.","Vit.","Suetonius","Vitellius","Vitellius"
"iamwork853","Suet.","Vita Hor.","Suetonius","Vita Horatii","Life of Horatio"
"iamwork854","Suet.","Vita Luc.","Suetonius","Vita Lucani","Life of Lucan"
"iamwork855","Symmachus","Ep.","Symmachus","Epistulae","Letters"
"iamwork856","Symmachus","Relat.","Symmachus","Relationes","Reports"
"iamwork857","Tac.","Agr.","Tacitus","Agricola","Agricola"
"iamwork858","Tac.","Ann.","Tacitus","Annales"," Annals"
"iamwork859","Tac.","Dial.","Tacitus","Dialogus de oratoribus","Dialogues of the Orators"
"iamwork860","Tac.","Germ.","Tacitus","Germania","Germany"
"iamwork861","Tac.","Hist.","Tacitus","Historiae","The Histories"
"iamwork862","Tatianus","Ad Gr.","Tatianus","Oratio ad Graecos","Oration to the Greeks"
"iamwork863","Ter.","Ad.","Terence","Adelphoe","The Brothers"
"iamwork864","Ter.","An.","Terence","Andria","The Girl from Andros"
"iamwork865","Ter.","Eun.","Terence","Eunuchus","The Eunuch"
"iamwork866","Ter.","Haut.","Terence","H(e)autontimorumenos","The Self-Tormentor"
"iamwork867","Ter.","Hec.","Terence","Hecyra","The Mother-In-Law"
"iamwork868","Ter.","Phorm.","Terence","Phormio","Phormio"
"iamwork869","Tert.","Ad nat.","Tertullian","Ad nationes","To Nations"
"iamwork870","Tert.","Adv. Valent.","Tertullian","Adversus Valentinianos","Against Valentinian"
"iamwork871","Tert.","Apol.","Tertullian","Apologecticus","Apology"
"iamwork872","Tert.","De anim.","Tertullian","De testimonio animate","On the Testimony of Living"
"iamwork873","Tert.","De bapt.","Tertullian","De baptismo","On Baptism"
"iamwork874","Tert.","De monog.","Tertullian","De monogamia","On Monogamy"
"iamwork875","Tert.","De praescr. haeret.","Tertullian","De praescriptione haereticorum","Treatise on the presecriptions of Heretics"
"iamwork876","Tert.","De spect.","Tertullian","De spectaculis","On Spectacles"
"iamwork877","Them.","Or.","Themistius","Orationes","Orations"
"iamwork878","Theoc.","Epigr.","Theocritus","Epigrammata","Epigrams"
"iamwork879","Theoc.","Id.","Theocritus","Idylls","Idylls"
"iamwork880","Theoph.","Ad Autol.","Theophilus","Ad Autolycum","To Autolycus"
"iamwork881","Theophr.","Caus. pl.","Theophrastus","De causis plantarum","On Plants"
"iamwork882","Theophr.","Char.","Theophrastus","Characteres","Characters"
"iamwork883","Theophr.","Hist. pl.","Theophrastus","Historia plantarum","History of Plants"
"iamwork884","Theophr.","Phys. op.","Theophrastus","Physicorum opiniones","Opinions of Physics"
"iamwork885","Theophr.","Sens.","Theophrastus","De sensibus","On the Senses"
"iamwork886","Theopomp.","Epon.","Theopompus Historicus","Eponymous"
"iamwork887","Thgn.","Epon.","Theognis","Eponymous"
"iamwork888","Thuc.","Epon.","Thucydides","Eponymous"
"iamwork889","Tib.","Epon.","Tibullus","Eponymous"
"iamwork890","Timoth.","Pers.","Timotheus","Persae","Persians"
"iamwork891","Tzetz.","Chil.","Tzetzes","Historiarum variarum Chiliades"
"iamwork892","Ulp.","Epon.","Ulpianus","Eponymous"
"iamwork893","Val. Max.","Epon.","Valerius Maximus","Eponymous"
"iamwork894","Varro","Ling.","Varro","De lingua Latina","On the Latin Language"
"iamwork895","Varro","Rust.","Varro","De re rustica","On Rustic Affairs"
"iamwork896","Varro","Sat. Men.","Varro","Saturae Menippeae","Menippean Satires"
"iamwork897","Vatin.","Epon.","Vatinius","Eponymous"
"iamwork898","Veg.","Mil.","Vegetius","De re militari","On Military Affairs"
"iamwork899","Vell. Pat.","Epon.","Velleius Paterculus","Eponymous"
"iamwork900","Verg.","Aen.","Virgil","Aeneid","Aeneid"
"iamwork901","Verg.","Catal.","Virgil","Catalepton","Catalepton"
"iamwork902","Verg.","Ecl.","Virgil","Eclogues","Eclogues"
"iamwork903","Verg.","G.","Virgil","Georgics","Georgics"
"iamwork904","Vett. Val.","Epon.","Vettius Valens","Eponymous"
"iamwork905","Vitr.","De arch.","Vitruvius","De architectura","On Architecture"
"iamwork906","Vopiscus","Cyn.","Vopiscus","Cynegetica","Hunting"
"iamwork907","Xen.","Ages.","Xenophon","Agesilaus","Agesilaus"
"iamwork908","Xen.","An.","Xenophon","Anabasis","Anabasis"
"iamwork909","Xen.","Ap.","Xenophon","Apologia Socratis","Apology of Socrates"
"iamwork910","Xen.","Ath. pol.","Xenophon","Respublica Atheniensium","Constitution of the Athenians"
"iamwork911","Xen.","Cyn.","Xenophon","Cynegeticus","Hunting"
"iamwork912","Xen.","Cyr.","Xenophon","Cyropaedia","The Education of Cyrus"
"iamwork913","Xen.","Eq.","Xenophon","De equitandi ratione","On the Art of Horsemanship"
"iamwork914","Xen.","Eq. mag.","Xenophon","De equitum magistro","On the Cavalry Commander"
"iamwork915","Xen.","Hell.","Xenophon","Hellenica","Hellenica"
"iamwork916","Xen.","Hier.","Xenophon","Hiero","Hiero"
"iamwork917","Xen.","Lac.","Xenophon","Respublica Lacedaemoniorum","The Constitution of the Lacedaemonians"
"iamwork918","Xen.","Mem.","Xenophon","Memorabilia","Remarkable Things"
"iamwork919","Xen.","Oec.","Xenophon","Oeconomicus","Economics"
"iamwork920","Xen.","Symp.","Xenophon","Symposium","Symposium"
"iamwork921","Xen.","Vect.","Xenophon","De vectigalibus","On Taxes"
"iamwork922","Zen.","Epon.","Zenobius","Eponymous"
"iamwork923","Zonar.","Epon.","Zonaras","Eponymous"
"iamwork924","Zos.","Epon.","Zosimus","Eponymous"
